日期,凭证号数,上级科目,科目编码,科目名称,摘要,方向,数量,外币,金额
2021.01.31,记-0022,管理费用/中介咨询费,550206,中介咨询费,办房产证律师鉴证咨询费1-5,借,0,?0.00,471.70 
2021.01.31,记-0023,管理费用/其他,550299,其他,应付华标A公司大厦32-33层消防材料检测费1-8,借,0,?0.00,24867.92 
2021.01.31,记-0024,管理费用/车辆费用,550209,车辆费用,油卡消费汽车油费1-13,借,0,?0.00,487.12 
2021.01.31,记-0024,管理费用/车辆费用,550209,车辆费用,油卡消费汽车油费1-13,借,0,?0.00,1614.52 
2021.01.31,记-0025,财务费用/手续费,550301,手续费,2020.10建行服务费,借,0,?0.00,152.00 
2021.01.31,记-0026,财务费用/手续费,550301,手续费,工行2020年11月服务费,借,0,?0.00,36.00 
2021.01.31,记-0027,管理费用/员工商业保险,550223,员工商业保险,新华人寿购A公司三个股东2021年度华平意外险2021-1-4,借,0,?0.00,300000.00 
2021.01.31,记-0029,财务费用/手续费,550301,手续费,1月农商行服务费,借,0,?0.00,550.00 
2021.01.31,记-0035,管理费用/通迅费,550202,通迅费,1.2建行支1月话费,借,0,?0.00,1524.60 
2021.01.31,记-0036,管理费用/车辆费用,550209,车辆费用,1.7建行支总部2020.10-12月汽车油费,借,0,?0.00,619.61 
2021.01.31,记-0045,管理费用/社保,550208,社保,1.8建行支社保,借,0,?0.00,17078.20 
2021.01.31,记-0045,管理费用/通迅费,550202,通迅费,1.8建行支移动话费,借,0,?0.00,80.00 
2021.01.31,记-0048,管理费用/印花税,550226,印花税,1.19建行支A公司-新华保险租赁合同印花税,借,0,?0.00,9457.00 
2021.01.31,记-0048,管理费用/印花税,550226,印花税,1.19建行支A公司-B公司A公司大厦2屋5层装修工程合同印花税,借,0,?0.00,1191.60 
2021.01.31,记-0052,管理费用/办公费,550201,办公费,1.27建行支办公用品款,借,0,?0.00,91.70 
2021.01.31,记-0052,管理费用/业务招待费,550212,业务招待费,1.27建行支业务餐费,借,0,?0.00,1292.00 
2021.01.31,记-0052,管理费用/维修费,550220,维修费,1.27建行支2020.8-2021.1电脑维护费,借,0,?0.00,4650.00 
2021.01.31,记-0053,管理费用/办公费,550201,办公费,1.27建行支电脑一体机电源,借,0,?0.00,120.00 
2021.01.31,记-0054,管理费用/福利费/食堂费用,55020401,食堂费用,1.29建行支燃气款,借,0,?0.00,804.65 
2021.01.31,记-0055,管理费用/业务招待费,550212,业务招待费,1.30建行支业务餐费,借,0,?0.00,5912.00 
2021.01.31,记-0055,管理费用/车辆费用,550209,车辆费用,1.30建行支汽车修理费（2021年单据）,借,0,?0.00,1520.00 
2021.01.31,记-0072,管理费用/车辆费用,550209,车辆费用,1.8农商行支黑BRF777汽车保险费,借,0,?0.00,39286.50 
2021.01.31,记-0072,管理费用/车辆费用,550209,车辆费用,1.8农商行支黑BRF777汽车保险费,借,0,?0.00,225.00 
2021.01.31,记-0072,管理费用/车船税,550227,车船税,1.8农商行支黑BRF777汽车车船税,借,0,?0.00,3600.00 
2021.01.31,记-0082,管理费用/中介咨询费,550206,中介咨询费,1.20农商行支保利4栋472及482律师签证费1-26,借,0,?0.00,754.72 
2021.01.31,记-0084,管理费用/办公费,550201,办公费,1.20农商行支办公室盆花款,借,0,?0.00,2988.00 
2021.01.31,记-0084,管理费用/办公费,550201,办公费,1.20农商行支购A4A5纸款,借,0,?0.00,685.00 
2021.01.31,记-0085,管理费用/办公费,550201,办公费,1.20支农商行支顺丰快递费1-5,借,0,?0.00,406.60 
2021.01.31,记-0087,管理费用/维修费,550220,维修费,1.22农商行支保利4号楼472物业维修基金,借,0,?0.00,1161.44 
2021.01.31,记-0098,管理费用/房产税,550224,房产税,计提1月房产税,借,0,?0.00,129185.18 
2021.01.31,记-0099,管理费用/工资,550203,工资,计提工资 22人,借,0,?0.00,142265.88 
2021.01.31,记-0100,管理费用/折旧,550205,折旧,计提折旧,借,0,?0.00,63964.10 
2021.01.31,记-0101,管理费用/装修费摊销,550296,装修费摊销,保利4号楼装修费摊销,借,0,?0.00,25594.26 
2021.02.28,记-0023,财务费用/手续费,550301,手续费,2020.11建行服务费,借,0,?0.00,90.40 
2021.02.28,记-0028,管理费用/社保,550208,社保,2.1建行支本月社保,借,0,?0.00,17078.20 
2021.02.28,记-0029,管理费用/通迅费,550202,通迅费,2.3建行支电信话费,借,0,?0.00,1525.64 
2021.02.28,记-0029,管理费用/通迅费,550202,通迅费,2.5建行支移动话费,借,0,?0.00,80.00 
2021.02.28,记-0029,管理费用/印花税,550226,印花税,2.6建行支A公司-东羿租赁补充协议五印花税,借,0,?0.00,1654.50 
2021.02.28,记-0039,管理费用/车辆费用,550209,车辆费用,2.8农商行3665户购冷空调泵配件汽车油费,借,0,?0.00,200.00 
2021.02.28,记-0039,管理费用/业务招待费,550212,业务招待费,2.8农商行3665户支业务餐费,借,0,?0.00,2489.00 
2021.02.28,记-0040,管理费用/福利费/食堂费用,55020401,食堂费用,2.8农商行3665户支饭堂用绿水抹布,借,0,?0.00,98.39 
2021.02.28,记-0041,管理费用/折旧,550205,折旧,2.8农商行3665户支购电脑款一次性计提折旧,借,0,?0.00,6300.00 
2021.02.28,记-0045,管理费用/业务招待费,550212,业务招待费,2.8农商行3665户支业务餐费住宿费,借,0,?0.00,8057.96 
2021.02.28,记-0046,管理费用/折旧,550205,折旧,2021.1.18购入全能T1-70保险柜1台一次性计提折旧,借,0,?0.00,3362.83 
2021.02.28,记-0047,管理费用/车辆费用,550209,车辆费用,2.8农商行3665户支汽车修理费,借,0,?0.00,3286.56 
2021.02.28,记-0047,管理费用/车辆费用,550209,车辆费用,2.8农商行3665户支汽车修理费,借,0,?0.00,3588.00 
2021.02.28,记-0048,管理费用/业务招待费,550212,业务招待费,2.8农商行3665户支业务餐费,借,0,?0.00,7641.37 
2021.02.28,记-0048,管理费用/福利费/集体福利,55020403,集体福利,2.8农商行3665户支购口罩款,借,0,?0.00,23.53 
2021.02.28,记-0048,管理费用/车辆费用,550209,车辆费用,2.8农商行3665户支汽车油费车费,借,0,?0.00,400.00 
2021.02.28,记-0052,财务费用/手续费,550301,手续费,2月农商行3665户服务费,借,0,?0.00,184.00 
2021.02.28,记-0055,财务费用/手续费,550301,手续费,2.1-2日农商行26228户支汇款手续费2单,借,0,?0.00,16.00 
2021.02.28,记-0059,管理费用/车辆费用,550209,车辆费用,1月油卡消费油费2-22,借,0,?0.00,477.61 
2021.02.28,记-0059,管理费用/车辆费用,550209,车辆费用,1月油卡消费油费2-22,借,0,?0.00,2107.42 
2021.02.28,记-0061,管理费用/房产税,550224,房产税,计提2月房产税,借,0,?0.00,129185.18 
2021.02.28,记-0062,管理费用/工资,550203,工资,计提工资 23人,借,0,?0.00,141582.07 
2021.02.28,记-0065,管理费用/车辆费用,550209,车辆费用,雷克萨斯客车2021年汽车保险（2021发票,借,0,?0.00,11401.41 
2021.02.28,记-0065,管理费用/车船税,550227,车船税,雷克萨斯客车2021年车船税,借,0,?0.00,360.00 
2021.02.28,记-0068,管理费用/车辆费用,550209,车辆费用,购宝马X5小客车2021保险,借,0,?0.00,15352.22 
2021.02.28,记-0068,管理费用/车船税,550227,车船税,购宝马X5小客车2021车船税,借,0,?0.00,3600.00 
2021.02.28,记-0069,管理费用/折旧,550205,折旧,计提折旧,借,0,?0.00,64356.10 
2021.02.28,记-0070,管理费用/装修费摊销,550296,装修费摊销,保利4#装修款摊销,借,0,?0.00,25594.26 
2021.03.31,记-0024,财务费用/利息收入/银行存款利息,55030301,银行存款利息,3.21建行存款息,借,0,?0.00,(129.63)
2021.03.31,记-0027,管理费用/福利费/食堂费用,55020401,食堂费用,3.1建行支饭堂燃气费,借,0,?0.00,400.40 
2021.03.31,记-0028,管理费用/通迅费,550202,通迅费,3.2建行支电信话费,借,0,?0.00,1517.71 
2021.03.31,记-0028,管理费用/通迅费,550202,通迅费,3.8建行支移动话费,借,0,?0.00,80.00 
2021.03.31,记-0030,管理费用/业务招待费,550212,业务招待费,3.11建行支业务招待餐费住宿费,借,0,?0.00,17668.46 
2021.03.31,记-0030,管理费用/福利费/食堂费用,55020401,食堂费用,3.11建行支1月饭堂菜金,借,0,?0.00,6406.00 
2021.03.31,记-0031,管理费用/车辆费用,550209,车辆费用,3.11建行支黑BJN289维修费2-22#46814776,借,0,?0.00,1407.96 
2021.03.31,记-0031,管理费用/办公费,550201,办公费,3.11建行支顺丰快递费2-5#00258205,借,0,?0.00,336.79 
2021.03.31,记-0034,管理费用/印花税,550226,印花税,3.13建行支回购黑淑娟保利4号楼473号铺印花税,借,0,?0.00,60.30 
2021.03.31,记-0034,管理费用/印花税,550226,印花税,3.13建行支回购黑淑娟保利4号楼474号铺印花税,借,0,?0.00,66.20 
2021.03.31,记-0035,管理费用/社保,550208,社保,3.13建行支社保,借,0,?0.00,16361.92 
2021.03.31,记-0037,管理费用/印花税,550226,印花税,3.23建行支购保利4号楼472号铺买卖合同印花税,借,0,?0.00,58.10 
2021.03.31,记-0037,管理费用/印花税,550226,印花税,3.23建行支购保利4号楼472号铺买卖合同印花税,借,0,?0.00,25.30 
2021.03.31,记-0038,管理费用/福利费/食堂费用,55020401,食堂费用,3.26建行支饭堂燃气费,借,0,?0.00,369.60 
2021.03.31,记-0040,管理费用/业务招待费,550212,业务招待费,3.30建行支业务餐费,借,0,?0.00,1502.00 
2021.03.31,记-0040,管理费用/福利费/食堂费用,55020401,食堂费用,3.30建行支饭堂用米花生油,借,0,?0.00,1917.20 
2021.03.31,记-0040,管理费用/办公费,550201,办公费,3.30建行支办公用品,借,0,?0.00,1932.60 
2021.03.31,记-0040,管理费用/差旅费,550211,差旅费,3.30建行支车费,借,0,?0.00,266.38 
2021.03.31,记-0048,财务费用/利息收入/银行存款利息,55030301,银行存款利息,3.21农商行存款息,借,0,?0.00,(863.35)
2021.03.31,记-0058,管理费用/办公费,550201,办公费,3.15农商行支顺丰快递费3-5#18336208,借,0,?0.00,202.83 
2021.03.31,记-0065,财务费用/利息收入/银行存款利息,55030301,银行存款利息,12.21光大银行15613户存款息,借,0,?0.00,(13.98)
2021.03.31,记-0066,财务费用/利息收入/银行存款利息,55030301,银行存款利息,12.21光大银行16179户存款息,借,0,?0.00,(0.08)
2021.03.31,记-0069,财务费用/利息收入/银行存款利息,55030301,银行存款利息,3.21工行存款息,借,0,?0.00,(60.43)
2021.03.31,记-0074,管理费用/车辆费用,550209,车辆费用,3.13工行支黑B-JN921汽车2021年保险3-15#50151919,借,0,?0.00,1361.56 
2021.03.31,记-0074,管理费用/车辆费用,550209,车辆费用,3.13工行支黑B-JN325汽车2021年保险3-15#50151920,借,0,?0.00,1352.11 
2021.03.31,记-0074,管理费用/车辆费用,550209,车辆费用,3.13工行支黑B-JN289汽车2021年保险3-15#50151921,借,0,?0.00,1714.70 
2021.03.31,记-0074,管理费用/车辆费用,550209,车辆费用,3.13工行支黑B-JN178汽车2021年保险3-15#50151923,借,0,?0.00,1352.11 
2021.03.31,记-0074,管理费用/车船税,550227,车船税,3.13工行支黑BJN921，325，289，178共4台汽车2021年车船税,借,0,?0.00,1560.00 
2021.03.31,记-0078,管理费用/维修费,550220,维修费,3.26工行支轮胎款,借,0,?0.00,19200.00 
2021.03.31,记-0078,管理费用/车辆费用,550209,车辆费用,3.26工行支汽车油费,借,0,?0.00,200.00 
2021.03.31,记-0079,管理费用/业务招待费,550212,业务招待费,3.26工行支业务餐费,借,0,?0.00,922.00 
2021.03.31,记-0080,管理费用/印花税,550226,印花税,3.26工行支回购黑保利4号楼473铺印花税,借,0,?0.00,79.10 
2021.03.31,记-0080,管理费用/印花税,550226,印花税,3.26工行支回购黑保利4号楼473铺印花税,借,0,?0.00,87.70 
2021.03.31,记-0081,管理费用/车辆费用,550209,车辆费用,3.26工行支汽车修理费2-24#46794641,借,0,?0.00,2879.65 
2021.03.31,记-0082,管理费用/业务招待费,550212,业务招待费,3.26工行支江文报业务招待费,借,0,?0.00,12255.96 
2021.03.31,记-0086,财务费用/利息收入/银行存款利息,55030301,银行存款利息,3.21交行15122户存款息,借,0,?0.00,(0.29)
2021.03.31,记-0087,财务费用/利息收入/银行存款利息,55030301,银行存款利息,3.21大新银行存款息,借,0,?0.00,(2152.36)
2021.03.31,记-0088,财务费用/利息收入/银行存款利息,55030301,银行存款利息,3.21华夏银行存款息,借,0,?0.00,(301.47)
2021.03.31,记-0092,财务费用/利息收入/银行存款利息,55030301,银行存款利息,3.21乐从农商行存款息,借,0,?0.00,(489.70)
2021.03.31,记-0097,管理费用/维修费,550220,维修费,3.18乐从农商行回购黑淑娟473商铺维修基金,借,0,?0.00,1205.60 
2021.03.31,记-0097,管理费用/维修费,550220,维修费,3.18乐从农商行回购黑淑娟474商铺维修基金,借,0,?0.00,1323.30 
2021.03.31,记-0100,财务费用/手续费,550301,手续费,工行2020.12-2021.2月银服务费,借,0,?0.00,456.40 
2021.03.31,记-0101,财务费用/手续费,550301,手续费,华夏银行2020.12月服务费,借,0,?0.00,76.30 
2021.03.31,记-0102,财务费用/手续费,550301,手续费,大新银行2020.12-2021.1服务费,借,0,?0.00,380.40 
2021.03.31,记-0103,财务费用/手续费,550301,手续费,农商行3月服务费,借,0,?0.00,190.00 
2021.03.31,记-0103,财务费用/手续费,550301,手续费,乐从农商行3月服务费,借,0,?0.00,80.00 
2021.03.31,记-0109,管理费用/车辆费用,550209,车辆费用,汽车油卡3月消费油费,借,0,?0.00,941.19 
2021.03.31,记-0109,管理费用/车辆费用,550209,车辆费用,汽车油卡3月消费油费,借,0,?0.00,529.63 
2021.03.31,记-0114,管理费用/折旧,550205,折旧,计提折旧,借,0,?0.00,80722.24 
2021.03.31,记-0115,管理费用/工资,550203,工资,计提工资22人,借,0,?0.00,139048.90 
2021.03.31,记-0116,管理费用/装修费摊销,550296,装修费摊销,保利4号楼装修款摊销（附清单）,借,0,?0.00,34707.92 
2021.03.31,记-0118,管理费用/房产税,550224,房产税,计提房产税,借,0,?0.00,139577.91 
2021.04.30,记-0024,财务费用/手续费,550301,手续费,建行2020年12-2021年2月银手续费,借,0,?0.00,206.60 
2021.04.30,记-0025,管理费用/车辆费用,550209,车辆费用,油卡3月消费汽车油款,借,0,?0.00,968.03 
2021.04.30,记-0032,管理费用/通迅费,550202,通迅费,4.6建行支电信话费,借,0,?0.00,1522.67 
2021.04.30,记-0032,管理费用/通迅费,550202,通迅费,4.7建行支移动话费,借,0,?0.00,80.00 
2021.04.30,记-0038,管理费用/办公费,550201,办公费,4.7农商行支2021.4-2022.3税控盘年费,借,0,?0.00,280.00 
2021.04.30,记-0039,管理费用/办公费,550201,办公费,2021.4-2022.3税控盘年费抵增值税,借,0,?0.00,(280.00)
2021.04.30,记-0040,管理费用/差旅费,550211,差旅费,4.7农商行支汽油款,借,0,?0.00,230.00 
2021.04.30,记-0040,管理费用/办公费,550201,办公费,4.7农商行支购文具款,借,0,?0.00,505.31 
2021.04.30,记-0040,管理费用/办公费,550201,办公费,4.7农商行支购盆花款,借,0,?0.00,2040.00 
2021.04.30,记-0041,管理费用/办公费,550201,办公费,4.7农商行支中要数码复印机保养费及购A4A纸款,借,0,?0.00,1110.00 
2021.04.30,记-0041,管理费用/车辆费用,550209,车辆费用,4.7农商行支黑BJN289汽车维修费,借,0,?0.00,465.00 
2021.04.30,记-0042,管理费用/车辆费用,550209,车辆费用,4.7农商行支A先生1-3月交通费,借,0,?0.00,3000.00 
2021.04.30,记-0045,管理费用/福利费/食堂费用,55020401,食堂费用,4.9支冉诗军A公司大厦厨房改造工程款,借,0,?0.00,17675.00 
2021.04.30,记-0046,管理费用/中介咨询费,550206,中介咨询费,4.12农商行支法制盛邦收购公司咨询费4-12#23350385,借,0,?0.00,122641.51 
2021.04.30,记-0047,管理费用/车辆费用,550209,车辆费用,4.13农商行支A先生采购汽车油费,借,0,?0.00,429.57 
2021.04.30,记-0049,管理费用/印花税,550226,印花税,支付3月份A公司与东羿增租延租补充协议印花税,借,0,?0.00,40721.70 
2021.04.30,记-0050,管理费用/社保,550208,社保,4.17建行支付社保,借,0,?0.00,16361.92 
2021.04.30,记-0051,管理费用/印花税,550226,印花税,4.19支付郭敏炽保利中心4栋339号房产契税及印花税,借,0,?0.00,15.60 
2021.04.30,记-0056,财务费用/手续费,550301,手续费,建行支汇款手续费,借,0,?0.00,4.80 
2021.04.30,记-0058,管理费用/印花税,550226,印花税,建行支付保利中心4栋454号铺契税及印花税,借,0,?0.00,35.60 
2021.04.30,记-0059,管理费用/福利费/食堂费用,55020401,食堂费用,4.29建行支饭堂燃气款,借,0,?0.00,1251.25 
2021.04.30,记-0060,财务费用/手续费,550301,手续费,4.17农商行手续费,借,0,?0.00,8.00 
2021.04.30,记-0061,财务费用/手续费,550301,手续费,4.17A公司转高明东江环保往来款,借,0,?0.00,8.00 
2021.04.30,记-0062,财务费用/手续费,550301,手续费,4.17农商行付东鑫环保往来款,借,0,?0.00,12.00 
2021.04.30,记-0062,财务费用/手续费,550301,手续费,4.17农商行付东鑫环保往来款,借,0,?0.00,12.00 
2021.04.30,记-0063,财务费用/手续费,550301,手续费,4.22购买339号铺银行手续费,借,0,?0.00,8.00 
2021.04.30,记-0064,管理费用/维修费,550220,维修费,4.22支付回购郭敏炽保利中心4栋339号维修基金,借,0,?0.00,295.90 
2021.04.30,记-0064,财务费用/手续费,550301,手续费,4.22支付回购郭敏炽保利中心4栋339号维修基金手续费,借,0,?0.00,2.00 
2021.04.30,记-0065,管理费用/差旅费,550211,差旅费,4.22支付A先生报销厂车油费,借,0,?0.00,311.98 
2021.04.30,记-0066,管理费用/福利费/食堂费用,55020401,食堂费用,4.22支付厨房工程改造费用,借,0,?0.00,10066.63 
2021.04.30,记-0066,管理费用/福利费/食堂费用,55020401,食堂费用,4.22支付厨房工程改造费用,借,0,?0.00,4800.00 
2021.04.30,记-0066,财务费用/手续费,550301,手续费,4.22支付厨房工程改造费用,借,0,?0.00,2.00 
2021.04.30,记-0067,财务费用/手续费,550301,手续费,4.22汇划款手续费,借,0,?0.00,4.00 
2021.04.30,记-0068,管理费用/车辆费用,550209,车辆费用,4.22支付D先生报销车辆维修费款,借,0,?0.00,1131.86 
2021.04.30,记-0068,管理费用/车辆费用,550209,车辆费用,4.22支付D先生报销车辆维修费款,借,0,?0.00,2977.00 
2021.04.30,记-0069,管理费用/业务招待费,550212,业务招待费,4.22农商行支付A先生报销业务餐费住宿费,借,0,?0.00,10317.50 
2021.04.30,记-0069,管理费用/福利费/集体福利,55020403,集体福利,4.22农商行支付A先生报销业务餐费住宿费,借,0,?0.00,4262.02 
2021.04.30,记-0069,财务费用/手续费,550301,手续费,4.22农商行支付A先生报销业务餐费住宿费,借,0,?0.00,4.00 
2021.04.30,记-0070,财务费用/手续费,550301,手续费,4.23银行转账手续费,借,0,?0.00,20.00 
2021.04.30,记-0071,管理费用/差旅费,550211,差旅费,4.24付A先生1~3月差旅费报销,借,0,?0.00,6000.00 
2021.04.30,记-0071,财务费用/手续费,550301,手续费,4.24扣银行手续费,借,0,?0.00,4.00 
2021.04.30,记-0072,管理费用/福利费/食堂费用,55020401,食堂费用,4.24支付23层厨房改造瓷砖款,借,0,?0.00,14996.00 
2021.04.30,记-0073,管理费用/差旅费,550211,差旅费,4.24付C小姐报销1-3月差旅费,借,0,?0.00,3000.00 
2021.04.30,记-0073,财务费用/手续费,550301,手续费,4.24付C小姐报销1-3月差旅费,借,0,?0.00,2.00 
2021.04.30,记-0074,管理费用/福利费/食堂费用,55020401,食堂费用,4.24支付员工饭堂菜金,借,0,?0.00,5040.00 
2021.04.30,记-0074,财务费用/手续费,550301,手续费,4.24支付员工饭堂菜金,借,0,?0.00,4.00 
2021.04.30,记-0075,管理费用/办公费,550201,办公费,4.24支付复印机碳粉,借,0,?0.00,1130.00 
2021.04.30,记-0075,财务费用/手续费,550301,手续费,4.24支付复印机碳粉,借,0,?0.00,2.00 
2021.04.30,记-0076,管理费用/福利费/食堂费用,55020401,食堂费用,4.24支付李锦欣报销厨房费用,借,0,?0.00,2007.60 
2021.04.30,记-0076,财务费用/手续费,550301,手续费,4.24支付李锦欣报销厨房费用,借,0,?0.00,2.00 
2021.04.30,记-0078,财务费用/手续费,550301,手续费,4.26农商行还借李以东款手续费,借,0,?0.00,20.00 
2021.04.30,记-0078,财务费用/手续费,550301,手续费,4.26付东江环保往来款手续费,借,0,?0.00,80.00 
2021.04.30,记-0080,管理费用/员工商业保险,550223,员工商业保险,4.28日支付雇主责任险69人,借,0,?0.00,22890.00 
2021.04.30,记-0080,财务费用/手续费,550301,手续费,4.28日支付雇主责任险69人,借,0,?0.00,8.00 
2021.04.30,记-0081,管理费用/福利费/食堂费用,55020401,食堂费用,4.28支付净水机及配件,借,0,?0.00,16000.00 
2021.04.30,记-0082,管理费用/差旅费,550211,差旅费,4.28支付A先生报销差旅费,借,0,?0.00,560.00 
2021.04.30,记-0082,管理费用/办公费,550201,办公费,4.28支付B小姐报销财务用品一批,借,0,?0.00,423.46 
2021.04.30,记-0083,管理费用/业务招待费,550212,业务招待费,4.28支付A先生报销汽车维修费用,借,0,?0.00,4863.00 
2021.04.30,记-0083,管理费用/车辆费用,550209,车辆费用,4.28支付A先生报销汽车维修费用,借,0,?0.00,956.00 
2021.04.30,记-0083,财务费用/手续费,550301,手续费,4.28支付A先生报销汽车维修费用,借,0,?0.00,4.00 
2021.04.30,记-0084,财务费用/手续费,550301,手续费,4.28支付东信劳务往来款,借,0,?0.00,40.00 
2021.04.30,记-0085,管理费用/中介咨询费,550206,中介咨询费,4.29支付法制邦盛律所顾问年费一半#23350532,借,0,?0.00,75471.70 
2021.04.30,记-0085,财务费用/手续费,550301,手续费,4.29支付法制邦盛律所顾问年费一半#23350532,借,0,?0.00,8.00 
2021.04.30,记-0085,管理费用/中介咨询费,550206,中介咨询费,4.29支付法制邦盛392号铺律师费#23350531,借,0,?0.00,4716.98 
2021.04.30,记-0085,财务费用/手续费,550301,手续费,4.29支付法制邦盛392号铺律师费#23350531,借,0,?0.00,2.00 
2021.04.30,记-0086,管理费用/维修费,550220,维修费,4.30支付谭耘青保利中心454号铺购买款,借,0,?0.00,523.60 
2021.04.30,记-0087,财务费用/手续费,550301,手续费,4.30付对公跨行汇款手续费,借,0,?0.00,120.00 
2021.04.30,记-0088,财务费用/手续费,550301,手续费,4月份银行手续费汇总,借,0,?0.00,203.00 
2021.04.30,记-0089,管理费用/工资,550203,工资,计提4月份工资 18人,借,0,?0.00,115722.48 
2021.04.30,记-0090,财务费用/手续费,550301,手续费,结转农商银行手续费,借,0,?0.00,142.00 
2021.04.30,记-0091,管理费用/折旧,550205,折旧,4月份固定资产折旧,借,0,?0.00,80793.32 
2021.04.30,记-0092,管理费用/装修费摊销,550296,装修费摊销,4月长期待摊费用摊销,借,0,?0.00,36355.73 
2021.04.30,记-0095,管理费用/房产税,550224,房产税,计提4月房产税,借,0,?0.00,139683.10 
2021.05.19,记-0001,管理费用/通迅费,550202,通迅费,建行代扣电话费,借,0,?0.00,80.00 
2021.05.19,记-0001,管理费用/通迅费,550202,通迅费,建行代扣电话费,借,0,?0.00,1515.32 
2021.05.19,记-0003,管理费用/社保,550208,社保,建行代扣5月份社保,借,0,?0.00,16898.38 
2021.05.19,记-0004,管理费用/业务招待费,550212,业务招待费,建行付A先生5月份餐费,借,0,?0.00,1902.00 
2021.05.19,记-0009,管理费用/福利费/食堂费用,55020401,食堂费用,建行支付李锦欣代垫厨房用品一批,借,0,?0.00,372.00 
2021.05.19,记-0012,管理费用/福利费/食堂费用,55020401,食堂费用,建行付厨房燃气管道改造工程,借,0,?0.00,5457.72 
2021.05.19,记-0013,管理费用/车辆费用,550209,车辆费用,建行付A先生代垫汽油款,借,0,?0.00,200.00 
2021.05.19,记-0015,管理费用/印花税,550226,印花税,建行付4月份房产税及印花税,借,0,?0.00,72.60 
2021.05.19,记-0016,管理费用/绿化费用,550218,绿化费用,建行付A先生代垫花篮、盆花费用,借,0,?0.00,3548.00 
2021.05.19,记-0017,管理费用/业务招待费,550212,业务招待费,建行支付A先生代垫业务费、厨房用品一批,借,0,?0.00,930.00 
2021.05.19,记-0017,管理费用/办公费,550201,办公费,建行支付A先生代垫业务费、厨房用品一批,借,0,?0.00,474.00 
2021.05.19,记-0017,管理费用/福利费/食堂费用,55020401,食堂费用,建行支付A先生代垫业务费、厨房用品一批,借,0,?0.00,2143.50 
2021.05.19,记-0019,管理费用/业务招待费,550212,业务招待费,建行支付B小姐代垫业务费、差旅费,借,0,?0.00,2945.97 
2021.05.19,记-0019,管理费用/差旅费,550211,差旅费,建行支付B小姐代垫业务费、差旅费,借,0,?0.00,1742.32 
2021.05.30,记-0037,财务费用/手续费,550301,手续费,建行付银行手续费汇总,借,0,?0.00,456.20 
2021.05.30,记-0040,管理费用/广告费,550229,广告费,建行付龙迹影视公司摄制记录片影视制作费,借,0,?0.00,250000.00 
2021.05.30,记-0042,管理费用/印花税,550226,印花税,建行支付保利中心4栋445号铺契税及印花税,借,0,?0.00,50.40 
2021.05.30,记-0043,管理费用/社保,550208,社保,建行付新员工新增社保1人,借,0,?0.00,715.35 
2021.05.30,记-0045,管理费用/福利费/食堂费用,55020401,食堂费用,建行支饭堂燃气款,借,0,?0.00,1012.55 
2021.05.30,记-0047,财务费用/手续费,550301,手续费,支付银行手续费,借,0,?0.00,63.00 
2021.05.30,记-0049,财务费用/手续费,550301,手续费,付银行手续费,借,0,?0.00,8.00 
2021.05.30,记-0051,财务费用/手续费,550301,手续费,付财务费用手续费,借,0,?0.00,4.00 
2021.05.30,记-0053,管理费用/福利费/食堂费用,55020401,食堂费用,信社付C小姐报饭堂菜金,借,0,?0.00,5649.00 
2021.05.30,记-0053,财务费用/手续费,550301,手续费,信社付C小姐报饭堂菜金,借,0,?0.00,4.00 
2021.05.30,记-0054,管理费用/中介咨询费,550206,中介咨询费,农商行支大良时点会计咨询费,借,0,?0.00,30000.00 
2021.05.30,记-0054,管理费用/车辆费用,550209,车辆费用,信社支付A先生报销汽车维修费,借,0,?0.00,10227.00 
2021.05.30,记-0054,财务费用/手续费,550301,手续费,付银行手续费,借,0,?0.00,4.00 
2021.05.30,记-0057,财务费用/手续费,550301,手续费,农商行收东江往来款,借,0,?0.00,48.00 
2021.05.30,记-0058,财务费用/手续费,550301,手续费,农商行支海伦宝往来款,借,0,?0.00,12.00 
2021.05.30,记-0059,管理费用/运营管理费,550214,运营管理费,信社付保利物业354个车位管理费2020年10月~2021年9月30日,借,0,?0.00,400754.71 
2021.05.30,记-0059,财务费用/手续费,550301,手续费,付银行手续费,借,0,?0.00,12.00 
2021.05.30,记-0060,财务费用/手续费,550301,手续费,付银行手续费,借,0,?0.00,20.00 
2021.05.30,记-0061,财务费用/手续费,550301,手续费,信社付手续费,借,0,?0.00,4.00 
2021.05.30,记-0062,财务费用/手续费,550301,手续费,付银行手续费,借,0,?0.00,20.00 
2021.05.30,记-0063,财务费用/手续费,550301,手续费,支付手续费,借,0,?0.00,4.00 
2021.05.30,记-0064,管理费用/车辆费用,550209,车辆费用,信社报销A先生差旅费及车辆维修费,借,0,?0.00,1499.00 
2021.05.30,记-0064,管理费用/差旅费,550211,差旅费,信社报销A先生差旅费及车辆维修费,借,0,?0.00,310.47 
2021.05.30,记-0064,财务费用/手续费,550301,手续费,信社报销A先生差旅费及车辆维修费,借,0,?0.00,2.00 
2021.05.30,记-0065,财务费用/手续费,550301,手续费,支付财务费用,借,0,?0.00,2.00 
2021.05.30,记-0066,管理费用/维修费,550220,维修费,信社支付梁雪金445号商铺维修基金,借,0,?0.00,741.00 
2021.05.30,记-0067,财务费用/手续费,550301,手续费,手工行手续费发票，结平预付账款,借,0,?0.00,774.91 
2021.05.30,记-0068,财务费用/手续费,550301,手续费,乐从信社付手续费,借,0,?0.00,15.00 
2021.05.30,记-0070,管理费用/房产税,550224,房产税,计提5月份房产税,借,0,?0.00,139683.11 
2021.05.30,记-0071,管理费用/工资,550203,工资,计提5月份工资20人,借,0,?0.00,122951.66 
2021.05.30,记-0072,管理费用/折旧,550205,折旧,5月份固定资产折旧,借,0,?0.00,80793.32 
2021.05.30,记-0073,管理费用/装修费摊销,550296,装修费摊销,5月份长期待摊费用摊销,借,0,?0.00,36355.73 
2021.06.23,记-0002,财务费用/手续费,550301,手续费,银行手续费,借,0,?0.00,173.00 
2021.06.23,记-0021,管理费用/会议费,550221,会议费,市政业协会20年会费,借,0,?0.00,3000.00 
2021.06.23,记-0033,管理费用/办公费,550201,办公费,付顺丰速运快递费,借,0,?0.00,323.58 
2021.06.23,记-0034,管理费用/办公费,550201,办公费,付顺丰速运快递费,借,0,?0.00,350.94 
2021.06.23,记-0035,管理费用/通迅费,550202,通迅费,付话费（移动）,借,0,?0.00,80.00 
2021.06.23,记-0036,财务费用/手续费,550301,手续费,付银行手续费,借,0,?0.00,55.00 
2021.06.23,记-0040,管理费用/印花税,550226,印花税,扣支印花税,借,0,?0.00,374.80 
2021.06.23,记-0043,管理费用/社保,550208,社保,支付社保费,借,0,?0.00,17053.93 
2021.06.23,记-0044,管理费用/通迅费,550202,通迅费,支电信话费,借,0,?0.00,1525.03 
2021.06.23,记-0047,管理费用/差旅费,550211,差旅费,付B小姐差旅费,借,0,?0.00,2000.00 
2021.06.23,记-0048,管理费用/办公费,550201,办公费,付A先生采购款,借,0,?0.00,542.30 
2021.06.23,记-0072,财务费用/手续费,550301,手续费,付银行手续费,借,0,?0.00,5.00 
2021.06.23,记-0073,财务费用/利息收入/银行存款利息,55030301,银行存款利息,收存款利息,贷,0,?0.00,347.09 
2021.06.23,记-0076,财务费用/手续费,550301,手续费,付银行手续费,借,0,?0.00,104.00 
2021.06.23,记-0079,财务费用/利息收入/银行存款利息,55030301,银行存款利息,收存款利息,贷,0,?0.00,1162.44 
2021.06.23,记-0081,管理费用/办公费,550201,办公费,付顺丰速运公司快递费,借,0,?0.00,489.62 
2021.06.23,记-0082,管理费用/办公费,550201,办公费,付容桂顺舟电脑经营部,借,0,?0.00,485.00 
2021.06.23,记-0083,管理费用/办公费,550201,办公费,付容桂顺舟电脑经营部,借,0,?0.00,2450.00 
2021.06.23,记-0084,管理费用/中介咨询费,550206,中介咨询费,付广东信华会计师事务所审计费,借,0,?0.00,8490.57 
2021.06.23,记-0085,管理费用/维修费,550220,维修费,付A先生报销车辆维修款6月第一批,借,0,?0.00,1900.00 
2021.06.23,记-0086,管理费用/维修费,550220,维修费,付B小姐餐费及采购款,借,0,?0.00,798.00 
2021.06.23,记-0086,管理费用/业务招待费,550212,业务招待费,付B小姐餐费及采购款,借,0,?0.00,18377.00 
2021.06.23,记-0087,管理费用/业务招待费,550212,业务招待费,付A先生报销,借,0,?0.00,752.83 
2021.06.23,记-0087,管理费用/维修费,550220,维修费,付A先生报销,借,0,?0.00,10131.00 
2021.06.23,记-0090,管理费用/福利费/食堂费用,55020401,食堂费用,付C小姐饭堂用款,借,0,?0.00,5253.00 
2021.06.23,记-0094,财务费用/利息收入/银行存款利息,55030301,银行存款利息,收存款利息,贷,0,?0.00,14.30 
2021.06.23,记-0095,财务费用/利息收入/银行存款利息,55030301,银行存款利息,收存款利息,贷,0,?0.00,0.08 
2021.06.23,记-0096,财务费用/手续费,550301,手续费,付银行手续费,借,0,?0.00,80.40 
2021.06.23,记-0099,财务费用/手续费,550301,手续费,付网银注册账户服务费,借,0,?0.00,10.00 
2021.06.23,记-0100,财务费用/利息收入/银行存款利息,55030301,银行存款利息,收存款利息,贷,0,?0.00,119.84 
2021.06.23,记-0102,财务费用/利息收入/银行存款利息,55030301,银行存款利息,收存款利息,贷,0,?0.00,0.83 
2021.06.23,记-0103,财务费用/利息收入/银行存款利息,55030301,银行存款利息,收存款利息,贷,0,?0.00,2278.22 
2021.06.23,记-0104,财务费用/利息收入/银行存款利息,55030301,银行存款利息,收存款利息,贷,0,?0.00,3926.49 
2021.06.23,记-0108,财务费用/利息收入/银行存款利息,55030301,银行存款利息,收存款利息,贷,0,?0.00,633.24 
2021.06.23,记-0109,财务费用/手续费,550301,手续费,付银行手续费,借,0,?0.00,15.00 
2021.06.23,记-0111,管理费用/车辆费用,550209,车辆费用,汽车油卡5月消费油费,借,0,?0.00,747.83 
2021.06.23,记-0112,管理费用/折旧,550205,折旧,计提6月固定资产折旧,借,0,?0.00,80982.25 
2021.06.23,记-0113,管理费用/装修费摊销,550296,装修费摊销,摊销6月长期待摊费用,借,0,?0.00,36598.96 
2021.06.23,记-0114,管理费用/工资,550203,工资,计提6月应付工资,借,0,?0.00,125958.00 
2021.06.23,记-0117,管理费用/房产税,550224,房产税,计提6月房产税,借,0,?0.00,139683.10 
2021.07.30,记-0021,管理费用/福利费/食堂费用,55020401,食堂费用,付港华燃气公司燃气费,借,0,?0.00,1270.50 
2021.07.30,记-0023,管理费用/通迅费,550202,通迅费,付电话费（电信移动）,借,0,?0.00,1616.89 
2021.07.30,记-0025,管理费用/车辆费用,550209,车辆费用,付人民财产保险粤E933S1汽车保险费及车船税,借,0,?0.00,14879.20 
2021.07.30,记-0025,管理费用/车船税,550227,车船税,付人民财产保险粤E933S0汽车保险费及车船税,借,0,?0.00,1200.00 
2021.07.30,记-0027,财务费用/手续费,550301,手续费,付银行手续费,借,0,?0.00,55.00 
2021.07.30,记-0031,管理费用/印花税,550226,印花税,付1A45号铺印花税,借,0,?0.00,55.10 
2021.07.30,记-0034,管理费用/社保,550208,社保,付社会保险基金,借,0,?0.00,18113.75 
2021.07.30,记-0037,管理费用/福利费/食堂费用,55020401,食堂费用,付港华燃气公司燃气费,借,0,?0.00,631.40 
2021.07.30,记-0047,管理费用/车辆费用,550209,车辆费用,付A先生采购款6月第二批,借,0,?0.00,750.00 
2021.07.30,记-0050,管理费用/差旅费,550211,差旅费,付A先生报销,借,0,?0.00,310.72 
2021.07.30,记-0050,管理费用/会议费,550221,会议费,付A先生报销,借,0,?0.00,672.00 
2021.07.30,记-0058,管理费用/广告费,550229,广告费,付广东龙迹影视公司策划服务费,借,0,?0.00,100000.00 
2021.07.30,记-0063,管理费用/绿化费用,550218,绿化费用,付A先生采购款7月第一批,借,0,?0.00,1968.30 
2021.07.30,记-0063,管理费用/车辆费用,550209,车辆费用,付A先生采购款7月第一批,借,0,?0.00,950.00 
2021.07.30,记-0064,管理费用/交通费,550210,交通费,付D先生报销,借,0,?0.00,3452.50 
2021.07.30,记-0064,管理费用/车辆费用,550209,车辆费用,付D先生报销,借,0,?0.00,980.00 
2021.07.30,记-0066,管理费用/车辆费用,550209,车辆费用,付A先生4-6月差旅费油费,借,0,?0.00,6000.00 
2021.07.30,记-0067,管理费用/绿化费用,550218,绿化费用,付A先生盆花,借,0,?0.00,2988.00 
2021.07.30,记-0068,管理费用/办公费,550201,办公费,付中要数码购A4A5纸,借,0,?0.00,698.02 
2021.07.30,记-0069,管理费用/办公费,550201,办公费,付顺丰速运公司快递费,借,0,?0.00,377.36 
2021.07.30,记-0070,管理费用/办公费,550201,办公费,付顺舟电脑经营部电脑主机及液晶显示器,借,0,?0.00,5300.00 
2021.07.30,记-0070,管理费用/办公费,550201,办公费,付B小姐6月文具费,借,0,?0.00,441.11 
2021.07.30,记-0071,管理费用/办公费,550201,办公费,付A先生保险柜,借,0,?0.00,2371.68 
2021.07.30,记-0072,管理费用/差旅费,550211,差旅费,付A先生报销,借,0,?0.00,5070.83 
2021.07.30,记-0072,管理费用/车辆费用,550209,车辆费用,付A先生报销,借,0,?0.00,6049.52 
2021.07.30,记-0073,管理费用/差旅费,550211,差旅费,付B小姐报销,借,0,?0.00,7607.00 
2021.07.30,记-0073,管理费用/业务招待费,550212,业务招待费,付B小姐报销,借,0,?0.00,8244.00 
2021.07.30,记-0074,管理费用/差旅费,550211,差旅费,付D先生报销,借,0,?0.00,300.00 
2021.07.30,记-0074,管理费用/业务招待费,550212,业务招待费,付D先生报销,借,0,?0.00,1680.30 
2021.07.30,记-0074,管理费用/福利费/食堂费用,55020401,食堂费用,付D先生报销,借,0,?0.00,2863.92 
2021.07.30,记-0078,管理费用/福利费/食堂费用,55020401,食堂费用,付C小姐饭堂用款,借,0,?0.00,6641.00 
2021.07.30,记-0079,财务费用/手续费,550301,手续费,付银行手续费,借,0,?0.00,257.00 
2021.07.30,记-0081,财务费用/手续费,550301,手续费,付银行手续费,借,0,?0.00,15.00 
2021.07.30,记-0084,管理费用/交通费,550210,交通费,收汽油卡发票,借,0,?0.00,1018.52 
2021.07.30,记-0086,管理费用/工资,550203,工资,计提7月工资,借,0,?0.00,124676.00 
2021.07.30,记-0087,财务费用/手续费,550301,手续费,收银行手续费发票,借,0,?0.00,304.60 
2021.07.30,记-0089,管理费用/工资,550203,工资,补计提6-7月工资,借,0,?0.00,14803.08 
2021.07.30,记-0090,管理费用/折旧,550205,折旧,计提7月固定资产折旧,借,0,?0.00,80982.25 
2021.07.30,记-0091,管理费用/装修费摊销,550296,装修费摊销,7月份长期待摊费用摊销,借,0,?0.00,36598.96 
2021.07.30,记-0092,管理费用/房产税,550224,房产税,计提7月房产税,借,0,?0.00,139683.10 
